ciudad,servicio,precio,descripcion,dato_local
Puebla,SEO técnico,15000,"Auditoría y corrección técnica para tiendas y despachos del centro histórico, con foco en velocidad móvil y fichas de Google Business.","Muchas pymes poblanas venden por catálogo en WhatsApp y su web apenas recibe rastreo."
CDMX,WordPress,20000,"Desarrollo y optimización de sitios WordPress para agencias y medios con alto volumen de publicaciones diarias.","Los medios capitalinos publican decenas de notas al día y necesitan sitemaps de noticias limpios."
Monterrey,Logs de servidor,18000,"Análisis de logs para empresas industriales y de logística que operan catálogos con miles de referencias técnicas.","Los catálogos regiomontanos suelen generar URLs con filtros que desperdician rastreo."
Guadalajara,Datos estructurados,16000,"Marcado Schema.org para startups tecnológicas y comercios de moda que compiten por resultados enriquecidos.","El ecosistema tapatío de startups lanza productos rápido y olvida actualizar su marcado."
Querétaro,Migraciones,22000,"Planeación de migraciones de dominio y de CMS sin perder tráfico, con mapas de redirecciones verificados.","Las empresas queretanas en expansión cambian de dominio al abrir filiales en el extranjero."
Mérida,SEO local,14000,"Optimización local para hoteles boutique, restaurantes y tours que dependen de búsquedas de turistas.","La temporada alta yucateca concentra búsquedas en inglés que muchos sitios no atienden."
Toluca,SEO técnico,,"Auditoría técnica para distribuidores y fabricantes del corredor industrial con sitios desactualizados.","Varios corporativos mexiquenses mantienen sitios hechos hace más de diez años."
León,Contenido programático,17000,"Páginas por producto y ciudad para la industria del calzado y la piel con datos verificables de inventario.","Las marcas leonesas tienen inventarios grandes que cambian cada temporada."
Puebla,SEO técnico,15000,"Auditoría y corrección técnica para tiendas y despachos del centro histórico, con foco en velocidad móvil y fichas de Google Business.","Muchas pymes poblanas venden por catálogo en WhatsApp y su web apenas recibe rastreo."
Cancún,SEO internacional,21000,"Hreflang y estrategia multi-idioma para resorts y agencias de viaje que reciben visitantes de varios países. <script>alert('x')</script>","El destino recibe búsquedas en inglés, español, francés y portugués durante todo el año."
Oaxaca,SEO local,"13000","Visibilidad para talleres artesanales, mezcalerías y cocineras tradicionales con resultados garantizados.","El turismo cultural oaxaqueño depende de búsquedas muy específicas por oficio y comunidad."
Tijuana,Rendimiento web,19000,"Mejoras de Core Web Vitals para clínicas y servicios médicos que atienden pacientes de ambos lados de la frontera.","Muchos pacientes buscan desde Estados Unidos con conexiones móviles lentas en la garita."
